fake_or_real,anatomical,stylistic,functional,law_of_physics,sociocultural,filename
Stable Diffusion,1,0,0,0,0,0bce6c35c24ec5ce8ae8ad5bb4f67d59.jpeg
MidJourney,1,0,1,0,0,8bb9230e51fcf2c259f3565cc1b2dc56.jpeg
Firefly,0,0,1,1,0,eef7043343ac290520f3f4c0eaced1c5.jpeg
Stable Diffusion,0,0,0,0,0,5d04c3a88fe8c5d2d7c7a8877e7880fe.jpeg
Firefly,0,1,0,0,0,f84a79e62e6e309deacda28d64ded163.jpeg
Firefly,1,1,1,0,0,bcd62a29647bf78c402710ba7a9683f9bc8b064187b6643e6ff86fdcc32c2bd2.jpeg
MidJourney,0,1,0,0,0,bd95e047027f57e7f5768350abe277c3.jpeg
Stable Diffusion,1,0,1,0,0,2c4c0b171577884f5c0991cacb5c5ebc.jpeg
Stable Diffusion,0,1,0,0,0,eb38e89f02ac0fda250439f78e26eae6.jpeg
MidJourney,0,1,1,0,0,4ca91e737979369e37478c4f4ec6e84e.jpeg
MidJourney,1,0,0,1,0,39db35c3e42f8b591188cffad2160010.jpeg
Stable Diffusion,1,0,1,0,0,817e63b94cb4c148d884b88de9afc2a2.jpeg
Stable Diffusion,0,0,1,0,0,76af9c56f4a8bd175ec95009c85cc055.jpeg
MidJourney,0,0,0,0,0,7f23d59c262d3cfb3eaf43b2ef7d9d6f.jpeg
MidJourney,1,0,1,0,0,e21e83bdff93fe57408622c2e02ab189.jpeg
Firefly,0,0,1,0,0,c65519e9d8ee3d4157ae12448e2564ba.jpeg
Stable Diffusion,0,1,1,0,0,8059c316907c586bdf33ad3cb9ca3f95.jpeg
Firefly,0,1,1,0,0,568d15fb8e8b3953a89d070ce6c2efbc.jpeg
MidJourney,1,1,0,0,0,3dfa53ac25668d109f3140a945dbe8c31ceb748e0052593d8c68c58650f288ad.jpeg
Stable Diffusion,1,0,1,0,0,b5c55ed5456a060ceb8ae2b89659506d.jpeg
MidJourney,0,1,0,0,1,aaeabaab37a705d665e190d153e990d2.jpeg
MidJourney,0,1,0,0,0,191af80c473c7d21b78525c9a850414e.jpeg
Stable Diffusion,1,0,1,0,0,d22e49191b26998c49b0550b7fdd9cb0.jpeg
MidJourney,0,0,1,0,0,81714dfaf50f5fb90d1e37f63a3cacba.jpeg
MidJourney,0,1,1,0,0,6624e99be64bfe92344af5be195d274e.jpeg
Stable Diffusion,1,0,1,0,0,69f16be179380dc9e1cf72dd5bd9f615.jpeg
MidJourney,0,0,1,0,0,9d4503d98203a5da9a7c40029ca96632.jpeg
Firefly,1,0,0,0,0,55bf29fb606f25f6640805738772d4e04497c0154f8946f458cfc92c26e1cc63.jpeg
Stable Diffusion,0,1,1,0,0,b9492f1cccf1376c63d811bf81c4e90b.jpeg
MidJourney,1,0,0,0,0,5cfde276129425ec963a3eec23f80adc.jpeg
Firefly,0,0,1,0,0,0c9ae7097995139c64b686c6ddec09ba.jpeg
Stable Diffusion,0,0,1,0,0,9a690d408cee47be9fe65c897f61a477.jpeg
Firefly,0,1,1,0,1,50e4ccb0e4859a4b40b5eb7f3b233235c56a8f48b36800db16d094e2a20c978e.jpeg
Stable Diffusion,1,0,1,0,0,18cce7304e462fad734543d6128be4c1.jpeg
MidJourney,0,0,1,0,0,288b6c8f4fecb2f8f6c0a1f42b39f411.jpeg
Stable Diffusion,1,0,1,0,0,351d5c8f178262436d098691ce2a0632.jpeg
MidJourney,1,0,0,0,0,81e25ad81df43dca638321542c3920ec.jpeg
MidJourney,0,1,1,0,0,09edc782a2e242c0840d3b8a3960420d.jpeg
Firefly,0,0,1,0,0,e954a8a31de9ea325f6fc7bc7d0625616c24cf6f22da64264f167702fd8cd0e0.jpeg
MidJourney,0,0,1,0,0,83b42ccb6d2e95b7541318e89476dbb3.jpeg
Firefly,1,0,1,0,0,83eec5e8051769e1a158392169bd99922fd29d94eaa75fb6735c23358ab73a8d.jpeg
MidJourney,0,1,0,0,0,a632095597b188e4553952876a764c76.jpeg
MidJourney,0,0,1,0,0,afc7907a39ce97c82a748601c6f926d9.jpeg
MidJourney,0,0,1,0,0,34d82e456fe8b5992d7300b631e601dd.jpeg
Stable Diffusion,0,0,1,0,0,69df2ad5f0eb01ca197dd954f040e916.jpeg
MidJourney,0,1,0,1,0,aff1430e9da23e27168ea3711138f4e9.jpeg
Stable Diffusion,0,0,1,0,0,12139e4b410efce34d74087e4db0f2ec.jpeg
Firefly,1,0,1,0,0,64260044f5e0429e12c183191b48ad97.jpeg
Stable Diffusion,1,0,1,0,0,c1fee6fb72bc3de47b56ed5b824c4843.jpeg
Stable Diffusion,0,1,0,0,0,939016207fae8e822593f8356cb1e33a.jpeg
MidJourney,0,1,1,0,0,84afad8071fc00f7c4c00246bc3589c1.jpeg
MidJourney,0,0,1,0,0,bb83102edffcc26197e6ef0f58ca2eb7.jpeg
Firefly,0,1,1,0,0,1c5a36da63d77c6a529d14f6ede897e28406569e3e471361f4282d10a1c7442b.jpeg
Firefly,1,0,0,0,0,72e787a3728c9c1f0ff14c998e5d9ed6251487a455d79452ae5c169e80c99ba9.jpeg
Stable Diffusion,1,0,1,0,0,53805809adf9a3d8d0d33c71253fe7eb.jpeg
MidJourney,0,0,1,0,0,77e831c12f1b6ab7cb36524f8e5b6a9dba54ba67a7b6d83ee3cc5654dd7fa564.jpeg
MidJourney,0,0,1,0,0,a36bbff226d2ce3c8ce1b84e0809a7b8.jpeg
Firefly,0,0,1,0,0,ac2a72c405bced22a85f5db5d6bfc7f2d7a98ebc924249ec2e6a5fbb4e82e5ae.jpeg
Stable Diffusion,1,0,1,0,0,0fdee6e9c98022e1ed3bc440b78b99b3.jpeg
MidJourney,0,0,1,0,0,e476d9b7acee696a5b4d6216e3e0c1a0.jpeg
Firefly,1,1,0,0,0,4e243569127164f70aac626c64546d56980e4a85f99f14c2c35807bd787f0cf9.jpeg
Firefly,1,0,1,0,0,f891b8cf1c778c5fb56e3d6999b1859a61b54b931350e3da9a7a330c642433f0.jpeg
Stable Diffusion,`jh/,1,1,0,0,576adc7fe4eab76025c86b24cf7e6a63.jpeg
MidJourney,1,0,1,1,0,b289c80bdf2d5092fffe0e53d927af2c.jpeg
MidJourney,0,1,1,1,0,5b7fd38b314d7c90ed5660839c25f2b2.jpeg
Stable Diffusion,1,0,1,0,0,243fcf3b0dad0d4c7d6d277535a8d7c3.jpeg
MidJourney,0,1,1,1,0,6f22a028a094e6668084ebeb7572e5fd.jpeg
MidJourney,1,1,0,0,0,145046c48b116d84a1244f2d0ed64c31.jpeg
MidJourney,1,1,1,1,0,ef8811162e1b2ae0642abd51d914c57f6d35252f92a85c6c502b3a0a0a60b534.jpeg
Firefly,1,0,1,0,0,bd38e3b314f1e8f737cca898e67f4c819e7e4f7ddbd3ae5734842d07af98eae2.jpeg
Firefly,0,0,1,1,0,f7d064ffc492080174abce63c8a3d66c.jpeg
Firefly,1,1,1,0,0,501f1f9992f910d097c56b82b13e55b00bae418e7c527a1764f2acfd283f39d4.jpeg
Stable Diffusion,1,0,1,0,1,4d23416a599751a846ef50398a9a40d3.jpeg
MidJourney,1,1,1,0,0,76377ad07778fc3c355eeb5eb957b8fc.jpeg
Stable Diffusion,1,0,1,0,0,ccc04b661d52c055a44fc01718c6a2bc.jpeg
Stable Diffusion,1,1,0,0,0,b686f4c1b199f3a51cc1286652f7d039.jpeg
Firefly,1,1,1,0,0,010dc0505efc2b1b99fe98f92ab4a8a5.jpeg
Firefly,1,0,1,0,1,d874863b830ebb52890a4a4e74d07fb1f8bf50c4f97c0d077862b81041fec037.jpeg
Stable Diffusion,1,1,1,0,0,7c5914a19b5f77cfb37d69d2b4f110a0.jpeg
MidJourney,0,0,1,0,1,64294f3a2adb2e48ac82d6f65ea9d52c.jpeg
MidJourney,1,1,1,0,0,b386b79581b6c5f7cbe6f024dec011ce.jpeg
MidJourney,1,0,0,0,0,baba1348492d5b0ca7598ec9031134fc.jpeg
MidJourney,0,1,0,0,0,26c64dfa698eec20bae35abe4951e4df.jpeg
Firefly,1,0,1,0,0,485db0684c82b3bdd0e828a65f7fa29c05e435591145d1e631413308f8c11d1a.jpeg
MidJourney,0,1,0,0,0,5c7ece5c8c2a157ff5acd384f64a567d.jpeg
Firefly,0,1,1,0,0,38139dcf64d5bf28a116249a7709fc4502cc23b21a9b039666f5929621d68778.jpeg
MidJourney,1,1,0,0,0,d97d6100d7dbcfe166090ac6debbe4b9.jpeg
MidJourney,1,0,0,0,0,88dd52fd76ba2dee723ae42bc51d3e29.jpeg
Stable Diffusion,0,1,0,0,1,50608411ebccc3348342d37fc62f2af0.jpeg
Stable Diffusion,0,1,0,0,0,d92f9022c3a731f878d44caac942a8b0.jpeg
Firefly,1,0,0,0,0,61830a51f7bbafc3d8f17c2e7cce8e10.jpeg
MidJourney,0,1,0,0,0,8c211503feb58c852a3f6b776c2ca589.jpeg
MidJourney,1,0,0,0,0,3864982a4411666747b2456fe4ea4258.jpeg
MidJourney,0,1,1,0,0,aab805297352e8de1c6181db35e43947.jpeg
Firefly,0,0,1,0,0,adaaf49f21e18af9cadbaea62bc196c5190021d985cb8ebdbb26a80d9bf75c07.jpeg
Stable Diffusion,0,0,0,1,0,74e619a4751d3be6163b28d252f3df07.jpeg
MidJourney,1,1,0,0,0,de10677a0aaa35fb21cad0f2b5c6e9c5.jpeg
Firefly,1,0,1,0,0,290f2e6887940c5d08a26396c0813d70.jpeg
MidJourney,1,0,1,0,0,0e229737ed406be7024c616e26a2260e.jpeg
Firefly,0,0,1,0,0,3340855f852b9edcf58c9d93bfa7b4b1d8ac52bd24605ab330005c361f2e6e9c.jpeg
MidJourney,1,0,0,0,0,0040a255b90441b04618f491fda5a7f4.jpeg
Stable Diffusion,0,0,1,0,0,49503b8af804e46f2ada5a4be242c2f1.jpeg
MidJourney,0,1,0,0,0,a62ffe572718970e2c5ee91f8c216e9e.jpeg
Firefly,0,0,1,0,0,48e1246a9425640df00bf3390b46d4881e5a6880d2efdb51713f8dac970079c8.jpeg
Firefly,1,1,0,0,0,a4ab5aec8b46f34df86ebdc4e8b273ec79a91aa6891bfdc4bbc9c2c19cd22c30.jpeg
MidJourney,0,1,1,0,0,fac16b34828e2e64b16d6b1a24021b27.jpeg
Firefly,1,0,1,0,0,79a2a4940acb1def4065e5c15ec37c35.jpeg
Stable Diffusion,0,1,0,0,0,2c4ffb96edb6b03ca6f9f2bafa087d7c.jpeg
MidJourney,1,0,0,0,0,571609a8e9b687c69e812b5ba5f8aa65.jpeg
MidJourney,0,1,1,0,0,7784c7d9d0ff5eec84cf377888af309f0b2e1af6f5a5b3f89ae7b4de591de9a5.jpeg
MidJourney,0,1,0,0,0,ab57a496e8a7c6370fc65a70a4ada98c.jpeg
MidJourney,1,1,0,0,0,f4b58700710b3438276f6f52df63310d.jpeg
MidJourney,0,1,3,0,0,cd81ec9efc5128065f4895eab356a642.jpeg
MidJourney,1,0,0,0,0,78b73ae0cbd081e9a2bfca164c197e5b.jpeg
Stable Diffusion,0,0,1,0,0,fd23b173438960904e6b21da46e8e0af.jpeg
Firefly,0,1,0,0,0,eb8a6a06e09a18f043bbfe1b00e89f8100094d5cbcd5a9b954cae0171815994d.jpeg
Stable Diffusion,0,1,1,0,0,4f3f845047351e1e499f6fe14f5ee746.jpeg
MidJourney,0,1,1,0,0,24113c6df9f651ace6db7b318fc904b9.jpeg
MidJourney,0,0,1,0,0,7992aea9b47f4e54d1aa4e1381cbbbcc.jpeg
Firefly,1,0,1,0,0,538c241b43be54339440d4eee531de22.jpeg
MidJourney,0,0,0,1,0,81d9b444aec14655e05008008aa3a60f.jpeg
MidJourney,1,0,1,0,0,b97026f1a3ea02b3b7164d347b45d6fd.jpeg
Firefly,1,0,1,0,0,def72dae66f159aba9995ef11436ae6184205d851f75cb69691cc815a471bd20.jpeg
Stable Diffusion,1,0,0,0,0,958f7abb3e4361b4e99e15fdbf335523.jpeg
Firefly,1,0,0,0,0,e0a6708e42d5279ba80df469c47b71f911a2094654fdee316eceb557a8a69af6.jpeg
MidJourney,0,1,1,0,0,e566b28a9429f693defb306c191d05a6.jpeg
Firefly,0,0,1,0,0,2aee09d253a4606d2b5b4a630fbd6b834074ae2a91a3dd28e361eb8dadafad24.jpeg
Firefly,0,1,0,0,0,780ac53ca4d73d86d0e5d716e905ee36.jpeg
Firefly,1,0,0,0,0,ecbfd2914748001a659697b071325c4fbe238d3e039996b77b0a91723558ab2f.jpeg
Stable Diffusion,0,0,0,0,1,35fdf8fbd0c99a4e1d6425b464c23c62.jpeg
MidJourney,1,0,1,0,0,0b5612ff0d9c8f99f74e8c9d508b27ee.jpeg
MidJourney,0,1,1,0,0,d28e66a95c1bf6ff7c37761eb7b51307.jpeg
Firefly,1,0,1,0,0,a64f0652261715730b59a150ef80d8ab.jpeg
Reals,,,,,,5a38a89f06ff8721b32a70e78fe17af3bb6e472d0f54dd3c3b213190914e1b5b.jpeg
Reals,,,,,,d2a0b9077cb5d81e04276f228bca36368e0be218e1a04a0701c8e46a4126a42a.jpeg
Firefly,1,0,1,0,0,a45ad8a8cedc42e90b5cc89805f1b9d3.jpeg
Reals,0,0,0,0,0,6ced4dbab85b6440a341ea4e190724e9.jpeg
Stable Diffusion,1,0,1,0,0,18d3669b558f0f9a1ddbae3dea06c824.jpeg
Reals,,,,,,33ff82d8907cc9b568bfd1a758d6fb11.jpeg
Stable Diffusion,0,1,1,0,0,f3158a5cba8b67474f37ea63d3666a32.jpeg
Reals,0,0,0,0,0,7d95deb6a1fc9795a849e2eab10f49b6.jpeg
Firefly,0,0,1,0,1,c0e0a6207ab30f2937eb037fd837448b858401f4a13cf56aa9aff2c88cef6e3d.jpeg
Stable Diffusion,0,0,1,0,0,6a953c336efcdc7556920eaef0cc5c74.jpeg
MidJourney,,,,,,86ae36214222e367f9bc162308095ada.jpeg
Reals,,,,,,bdb193b95d0242f317782eff6c36cc6d.jpeg
MidJourney,0,1,1,0,0,2748b11f8b5d99aedf9fdc836135a01bc75bcd38d379062edf87ef1c02693cdc.jpeg
Reals,0,0,0,0,,d5bc548d83beeaaf4ef78b0c75bf652dfacaec69b0aa1939b03b0343a6342542.jpeg
Stable Diffusion,0,1,0,0,0,f441298f65297f47eddef202ad5e23eb.jpeg
Stable Diffusion,0,1,0,0,0,ccbcb5187879ea5f9ef2871e59b94651.jpeg
MidJourney,0,1,0,0,0,6eafc96cd46f1b0ddc0a9a09dd61ad450fded1f865e0e7aeb3fdd7363dd1d3c5.jpeg
Stable Diffusion,0,0,1,0,0,6a98dad4de5ce462fd6c8239be0ddfbc.jpeg
Reals,0,0,0,0,0,d6cf6f6e189a0e2a890f90e0cba185c2.jpeg
Reals,0,0,0,0,0,c21c80f72b4cb3582bc8d7a8f936027b.jpeg
MidJourney,1,1,0,0,0,1ef5cf0c498c7cd83f1b64610161ee205d4bc767034157d7bd5d0ee35bf0f22e.jpeg
Reals,0,0,0,0,0,372c9af150cdc4c7ca99ea394428aad5fad587ca2f1752c97b3b1b99df25dc45.jpeg
Stable Diffusion,1,0,1,0,0,bbbfb2a12cd66783ce7e4015ec0084b9.jpeg
Firefly,1,0,1,0,0,614321358b031a53cca7397835027659.jpeg
MidJourney,0,1,1,0,0,3de04fb6e7a042632a00f765cdb60e39224156c3a9d7055951f5a0298feb2dba.jpeg
Stable Diffusion,1,0,1,0,0,f83eb225bdeaba34d5fa83d0a756d13b.jpeg
Firefly,0,0,1,1,0,fc298e58547c0f356f13bc2af37fba7b.jpeg
MidJourney,0,1,1,0,0,d8c5d846f1e7f91be036742191bdb08b.jpeg
Reals,0,0,0,0,0,24312c850b921cf9e509624d000492f802a222a981adbf97c836d5f2190accf7.jpeg
Reals,0,0,0,0,0,bdb32206b51ba1b27eb8dc0de82983df122c00541ff39dde66efef241cd920aa.jpeg
Reals,0,0,0,0,0,d09add37365b7335c5f96ceb3f90a7cf64e683643a2a46ce67a213b6554a9369.jpeg
Stable Diffusion,0,0,1,0,0,22f3c69b148beda9f7876b4b1a998b17.jpeg
MidJourney,1,0,0,0,0,b900958e820a3c1c4d81fc7c61b3baa8.jpeg
MidJourney,,,,,,a599af9f72aab7e0db0825207d6e11bc.jpeg
Reals,0,0,1,1,0,a29a9ffccbb588badb92c4b70c365719c7038cba0d2704d0172ab0888d63017d.jpeg
Firefly,1,0,1,0,0,430e3b469248d6290d8b5ad08fbc752f596cfdd7da73e47ace0763dab563f3d2.jpeg
MidJourney,0,1,1,0,0,616ba73f50088eb13244a807076248f7.jpeg
Reals,,,,,,caadef308d96920d0b59e3be3667e166c905c656bad05fcc0346b03e7c1f4b7a.jpeg
Reals,0,0,0,0,0,66b5466707b3d8e9a14da147ae2e4acc1f2a071ad83dcdccfb0e16f626b03ef6.jpeg
Firefly,0,0,1,0,0,e742dd54126898021bae77733eb7cc9199ecd7e2d61c98b7c5f27c2e2aac684b.jpeg
Stable Diffusion,1,0,0,0,0,13830cc00959d97a3e49f39fee56005d.jpeg
MidJourney,0,0,1,0,0,eaef1ce47d4afebf42b1a93fcf502386.jpeg
Reals,0,0,0,0,0,810bcecc0287f5afe2bc9e1cb2b18ec1144811921d7599d6b2c6fcc5e47a4aa3.jpeg
Reals,,,,,,03a001b85768dd4c7bcb8e20486bf0f20973314b1ec269ef1057f6565de34016.jpeg
Firefly,1,0,1,1,0,f48d34d25cadb641103890b2b788b389.jpeg
Firefly,1,0,1,0,0,505148b996ff4be5c9690a54ccd2e41a.jpeg
Firefly,1,1,0,0,0,80339e93da90ccddc1cbb40b883ec9bc.jpeg
MidJourney,0,1,0,0,0,20ee71a019b27ebfb74a2e9e7c3a991b.jpeg
Reals,0,0,0,0,0,70b272fa1e6720074bc46ac2147b7671a380eed3084bf4a246d4a792f350d144.jpeg
Reals,,,,,,f97d3807962bdef96095712643bf0e8283555ecdef0d48aa0735b86200d956a1.jpeg
MidJourney,1,0,0,0,0,4a57954618f41b5d9e584d36f8aee067.jpeg
Stable Diffusion,,,,,,8ba3f1043bc0c5b6cbf4740b5244130a.jpeg
Stable Diffusion,0,1,0,0,0,2e4029bce0d33d4da1429b89ab4c51e6.jpeg
Reals,0,0,0,0,0,b877b292f305aa593ee7a14ecffff708.jpeg
Reals,0,1,0,0,0,3781951e1d5a87db45afd556c3e1c1f3acebeb8d7af9f451417a4dc8eee3b530.jpeg
Reals,0,0,0,0,0,7e5172ad4e622ec6bdffee40c761e54a.jpeg
Firefly,1,1,1,0,0,39cd03d21d22521435aa117fb98e1d3077faf0166ac7e8adbfb7897a2072473f.jpeg
Stable Diffusion,1,0,1,0,0,77faa1cbee27b073c890bdb2cdc1fa5a.jpeg
MidJourney,1,0,1,0,1,f36efcd652b45162ed7c1dc6589015cd.jpeg
Stable Diffusion,1,1,1,0,0,5204545de13342cbefdc0e9022d821d2.jpeg
MidJourney,1,1,0,0,0,038ce4cac88a6606016bf2276fab8ba5.jpeg
Stable Diffusion,0,0,1,0,0,4697107104dd26277b076259b6c3c1b0.jpeg
Reals,,,,,,35ed44c64fa9ebe57b0f51a055d1b56a.jpeg
Firefly,1,0,1,0,0,a094316f760b037374b31f6d3ee5eaa8.jpeg
Reals,,,,,,d7f62506968b2101234d06827fc7f959bd2e09c98c21e28d86ef8a4b6c7f9ca7.jpeg
MidJourney,1,0,0,0,0,71b124e35753a5993a5f921320e761d7.jpeg
MidJourney,1,0,0,0,0,f6bfa0e20b09d91c60efe38cba7266fb.jpeg
MidJourney,1,0,0,0,0,f6348a465375a7fe3355ac9126a36405.jpeg
MidJourney,1,0,0,0,1,b56807fc7e7375696b338657594ec1d9.jpeg
Reals,,,,,,8b559e81a9f8761a8a03d40ab5ad1d16.jpeg
Reals,,,,,,0b96dd5fd38f6c18236dcec8df90c549.jpeg
MidJourney,0,0,1,0,0,3f0864fef8907876927605bc85094cbf.jpeg
Firefly,1,0,1,0,0,7c839b44e36c3e6275b107bd08e75cae.jpeg
MidJourney,1,0,0,0,0,a02ac5057ffef39a9cb00b84200b02e6.jpeg
Firefly,,,,,,692a0b6328263713cb39c4b16268c74b04c182aaf63b3188d10dcc5954d7c59f.jpeg
MidJourney,0,1,1,0,0,8e6893f8f3ee91c3fbc08b5a0cd14de39f9c663eb2f5e1df30069318616a57ea.jpeg
Reals,,,,,,40cdea68f25828d8bfd84a557479400c72bfb6941c1de300a4e10eee4831c421.jpeg
Firefly,1,0,1,0,0,1bdb689933a60fa032f0ea506c0657d252e830d304a4e839f4ff4d8918272997.jpeg
Firefly,1,0,0,0,0,c7f51a6d22485a6799c6f014d59d55bb.jpeg
Reals,,,,,,8588d47396a87617e9fc909cc26b8c11.jpeg
Firefly,0,1,0,0,0,daab510ce577421c45ef147f643173f1e7018888813515d82520778e8e789ab1.jpeg
MidJourney,1,0,1,0,0,d25a82d5249d946fa92da108b8c815c1.jpeg
MidJourney,0,1,1,0,0,5bd35cd9932265235fd90b3daf32c65d.jpeg
Reals,,,,,,bcfd2b29105ae85e9179e13174fc9f41ac50693603f2d770dfbaab4300ee8a58.jpeg
Reals,0,0,0,0,0,cc7f6c9e18df6cb97c833c56881a45db.jpeg
Firefly,1,0,0,0,0,e30a043579c9569728d989c300b6c5b7.jpeg
Stable Diffusion,1,1,0,0,0,a0a2ed2f2568721767ccd27d939c65b2.jpeg
Reals,0,0,0,0,0,f87823469991b7b1704ff9e4d4c7d05674097995db209a8e20dbcafdbc5cece9.jpeg
Firefly,,,,,,90f3a9a52be4e15119aef5e4e06ecdfe.jpeg
Reals,,,,,,1d2856c4cb2dccc727efb0eb05672eb875a661cc2fd6815549f1960e68e77cad.jpeg
Stable Diffusion,1,1,0,0,0,63f91bafdaa4cc5a093371f96f8c0fa9.jpeg
MidJourney,1,0,1,0,0,6e7e632843435882e3497ee66c1fb328.jpeg
Stable Diffusion,1,0,0,0,0,b76fa0334e823549d4656f4e120876f9.jpeg
Reals,0,,,,,ebecd99d83795b2053728fef55e17c896376cf242474f246aea909fde054717c.jpeg
Reals,,,,,,36edca0fb03e1743ef7ff0b44cca85b1bd852e5a584f0e6c8e6d788110449dae.jpeg
MidJourney,0,1,1,1,0,c9291b953554fdf7640f1980ae25ce5d.jpeg
Reals,0,0,1,0,0,69366cd87b43dc517f61972bf961f1fbb07d022aed7ad9d500eabedd08fa7fbc.jpeg
Reals,,,,,,91f6d7c058d344cac284e32c7528ad52227190b95375ae261c10e8fb7d94425b.jpeg
Reals,0,0,0,0,0,99a72d3596db0ee8d669892488ecb105.jpeg
Reals,,,,,,cace4c350b89a79b71e4c847df22e523.jpeg
Reals,0,0,0,0,0,8eb76506dec114332d425ffcefb3d8d4.jpeg
Stable Diffusion,1,1,0,0,0,9d59f67216224c4a36e2a081c42e0065.jpeg
Stable Diffusion,1,0,0,0,0,3b1558eefcb3008a00a5e863ce729092.jpeg
Stable Diffusion,1,0,0,0,0,500c0397385b5a5f3b1ebf434ba34030.jpeg
Reals,,,,,,63b3e7984cd58d477392d4cf52731765c6d8d6878a7d29eecff28fcbdfa20a9b.jpeg
Stable Diffusion,0,1,1,0,0,a0ff8ac76a990516504cba6df064ad85.jpeg
Reals,0,0,0,0,0,76f51fb5e2b93fe2b39e43743815a52b.jpeg
Firefly,1,0,1,0,0,b580005d0e775d79eea0b051996e34e9.jpeg
MidJourney,0,1,0,1,0,e6da4c7f023d9b30d9c32927f3f38b03.jpeg
Reals,,,,,,b061f22ccceca9099aa88b064b5d4b79.jpeg
MidJourney,0,1,0,0,0,4cc9c7d3b6fe6d734484359160f73435dd492beb201321546381886d465dbb09.jpeg
MidJourney,1,0,0,0,0,a59bc84e88c2f309152c935fc9d8ddc2.jpeg
MidJourney,1,1,0,0,0,d31db6bc932a8db362778abbcfdf052c91248c8ff2bcfb4dbba68dfc5defac3f.jpeg
Reals,0,0,0,0,0,dda51b002689c703fc6ca089cb734a78.jpeg
Reals,,,,,,606c0bbb28994df7465987ff0759bff0.jpeg
Stable Diffusion,1,0,1,0,0,099c835adb6866941226f258e616dccf.jpeg
Reals,0,0,0,0,0,9abbb21f98f0aa977beaf958243cc342.jpeg
MidJourney,1,0,0,1,0,e7f4c868d82623b44975abb59f51eb06.jpeg
Reals,0,0,0,0,0,7627c41bd53147f41f5021a3343a5ce2e327b40eea0e548c7dc576df2d1778c7.jpeg
MidJourney,0,0,1,0,0,570d6d559baf4618fe3f3c3ce0e77616edc970ae82a8ca3b0fce2c96650c0f5b.jpeg
MidJourney,1,0,0,0,0,3c4eb5a796aa88482258435aff4d555f.jpeg
Stable Diffusion,1,0,0,1,0,c900d0d2e2a6f09e7b08da7f59d6947f.jpeg
Reals,0,0,0,0,0,fb1eff5acdf20dd6aa902af046c1837a.jpeg
Stable Diffusion,0,1,1,0,0,9df27084733d64cb0922e564eb2af4f7.jpeg
MidJourney,1,0,0,0,0,361bfc7c9724aba424e5eea66871e2b3.jpeg
Reals,,,,,,b44f76c982e61da75229c6c579a44c3ead8144f558b4381cd30e4d6df14b6028.jpeg
MidJourney,0,1,0,1,0,68cb3fe0fb95fb73e89e49ace18471dc.jpeg
Firefly,1,0,1,0,0,a870d284849a9683ff962a2981227d5c.jpeg
Reals,,,,,,9d5a25b18e8d334b4821a5dfb60426ff.jpeg
MidJourney,1,1,0,0,0,01ab6711bffe5bad770cf57ab76e5106.jpeg
MidJourney,0,0,0,1,0,539e5299752e361e6a5e79539f7877b201ea0d58f580aa5daab9ea07c0e49405.jpeg
Stable Diffusion,1,1,0,0,0,44b4fcea4f2b026b93a0547f8f95c95c.jpeg
MidJourney,1,1,0,0,0,a6d1365c837d5ddb1e24b5f58747cb38.jpeg
MidJourney,1,0,1,0,0,147f5d8b608dbac559755f938c8b3fda1183adb32bd1d3f5689b0a70b0f04fc0.jpeg
MidJourney,0,0,1,0,0,8e660904931ed4d134e86f9c887c29e1.jpeg
MidJourney,0,1,0,0,0,9e22abd2a90213edadab2ec80f95452033994513954c34ebf369e28ba33d719c.jpeg
Stable Diffusion,0,1,0,0,0,9c8ae6d5116b49d24f8165fbd5971cef.jpeg
Firefly,1,0,0,0,0,6a88e9b3eed8e37c6880a7723fb36d7b.jpeg
Firefly,0,0,1,1,0,ff033f2c6e1d7dc61cb5bc00dfffe267.jpeg
Stable Diffusion,0,0,0,1,0,ddf95ce0bba010532bf8f3708e03af79.jpeg
Firefly,1,0,0,0,0,6e417fd4ac5c9abe2693f1672a22ee58.jpeg
MidJourney,0,1,1,0,0,0e65a4e5adc50344a43ffbd1f9ff84ea.jpeg
Stable Diffusion,1,1,1,0,0,a739ff315e67798d93ee790140f05510.jpeg
MidJourney,0,0,0,0,1,ff16adf4438b8a43bd8cb2b13fd78d14.jpeg
Reals,,,,,,17ac733eed3bf1e5abb10ea7aa1b5993fa4979d90f2a55ec2a9bdc1369b9e7be.jpeg
Reals,0,0,0,0,0,acdf9521045e2f3667ae2d7b2194595d.jpeg
Reals,0,0,0,0,0,cf33ccfee6f7eb1725eaa67ab3de4476.jpeg
Stable Diffusion,1,0,0,0,0,637d149bc1ccd8dedacdf37530cf408e.jpeg
Stable Diffusion,0,0,1,0,0,f3c3e188755619329b9287cffdaa6313.jpeg
MidJourney,1,0,1,0,0,392abe34b5f4299c4e0aa43b9dc154d6.jpeg
Reals,0,0,0,0,0,c8f7108d1d08ab0aa6bb86a353cc80d9.jpeg
Reals,,,,,,13422d2b1dc26569df7a122ca369fd2f.jpeg
Firefly,1,0,1,0,0,427d9398e6271c7b0a4a22f0e3ecb39256cbd96d8179905e5ac1ccf8d4800d22.jpeg
MidJourney,0,1,0,0,0,c3a9f27c42510854b34e327a6d31c969b28dfad01f8f8cfe257c5e8d17505222.jpeg
Reals,,,,,,ca181ed3d01e6cfc533bb00e450cf4b4435199c11d95fcf8fccf944c33584d3a.jpeg
MidJourney,0,1,0,0,1,4d11877f36e483000d892138b630280a.jpeg
Reals,0,0,0,0,0,3b2df9efaf0e42c3763dfbf3b387e8ac.jpeg
Reals,0,0,0,0,0,35bdc7578de33e60547e7c87cb903275aed53c3119ae9bf034f455f8c171b6ce.jpeg
Reals,0,0,0,0,0,6d8fba24ae67e57a85da5aa46b49dce4.jpeg
Reals,0,0,0,0,0,6fb659766b7b27ffcd747e63703b1844aabc1e3a72ebfdfee2c1fe66ca25f15f.jpeg
Reals,0,0,0,0,0,ce8af8f993f2ac560f968fe64c1a887b.jpeg
Reals,0,0,0,0,0,fec5c8b26a3ddb52c31038e16d3234e390cead2e32f055ba2f1dfddeb006d852.jpeg
Reals,0,0,0,0,0,be43d363ea6ba1e080580d3a2a74c6a000041940d0f27dd9af71faca66afd4ec.jpeg
Reals,0,0,0,0,0,b12ad54e54c8cece38e862c6b11edf66f1f15459d504b5107c3af796aec8c334.jpeg
Reals,0,0,0,0,0,a78602fa52fe9377759a2df17a8a09cdbf52a21626a202b4c2a11460312104f5.jpeg
Reals,0,0,0,0,0,a57be9ab652e49d478eea6c096bb2a47.jpeg
Reals,0,0,0,0,0,39b2a36b3abb05738320fc391886894d.jpeg
Reals,,,,,,7ab599405cf71cba21eecd46b7305058.jpeg
Reals,,,,,,9e1210d3615408ca237ca00946d8636217b7f7cc1167c0d75a14c126bce26897.jpeg
Reals,,,,,,5ba040f1b7aa293dc915e40f0e39b3f8.jpeg
Reals,,,,,,d770d5be90e0751d5c328b7bd8602220d9d073954ba4b5fb29cedf0ca2f437f8.jpeg
Reals,0,0,0,0,0,6e9b8f2cfd9afa5560123bfcb6699e2c4182ff84ab4131dbd18079035d40e4b0.jpeg
Reals,,,,,,0ae750b9ec4bd9ceaaab393a928b77ac.jpeg
Reals,,,,,,d07a9e73914dad147383eb40cb21a296.jpeg
Reals,0,0,0,0,0,5a8d1c456c9320229f8cf58a36d12262.jpeg
Reals,0,0,0,0,0,c9a33d955161f8ed51a0b6e2deb5e5187f20683b79e085727e112e083e354a48.jpeg
Reals,0,0,0,0,0,50bee2eccb704a73a6c7455b4ded9dfd64f2446fd3cc79f05066d5d4266203d9.jpeg
Reals,0,0,0,0,0,f8aba4095c68677be3be7c0da3cc1afe.jpeg
Reals,,,,,,1c3eb9f1ee43097df710c3c2842fd1689b20102bf3404b000b5d3f28f782c33d.jpeg
Reals,,,,,,d05cf36d4c392a2f334fb5bd02552459f4e540c3b28f784e272bbd83add5c7fc.jpeg
Reals,,,,,,a71887a05ea75efd96c4acc93a4262e5.jpeg
Reals,,,,,,415c0714987b4920f194b5f2053152b8bdaa8f4185583c984f32b950506be724.jpeg
Reals,0,0,0,0,0,56eb13f536b858a48ea41076c246a1f2.jpeg
Reals,0,0,0,0,0,b31a7713cbbb921686f0f1cb14e3f0d011c90b361d2899642eeca804e7b9e7ff.jpeg
Reals,0,0,0,0,0,db82184d1c0520d540ed35114c45778b.jpeg
Reals,0,0,0,0,0,6ba01a6bc34576afbf8d856ad55f14d8e179f954e9261933f7b0cd18a345ae0f.jpeg
Reals,,,,,,0a42722f321c31d600786256cb18c639.jpeg
Reals,0,0,0,0,0,4fa5905a0ca903730ed82db21f56a81acec7efe5a0a5eb54a18235ab42f97cd6.jpeg
Reals,0,0,0,0,0,d5cb99d9c26f2dfa305492edac1b829e0617ee910fc1914c829600624f3dc207.jpeg
Reals,0,0,0,0,0,06086a7210d32ee6f6d7afdf64e95c67.jpeg
Reals,,,,,,f3a3cf038ddac3394c133658d1029645.jpeg
Reals,0,0,0,0,0,4385a289fa7f32a4400492be839ddf44.jpeg
Reals,,,,,,35df25c3d2f57c32c2be722b51b16cd2.jpeg
Reals,,,,,,282422ac298c060155c2cc4312119bd0.jpeg
Reals,,,,,,319d664c2f55fa714cab0d687cab933c.jpeg
Reals,,,,,,4b748095c5970c39a5dfe86747419b84.jpeg
Reals,0,0,0,0,0,65569ec7d0ed8e1b5aa870a6f6564b26.jpeg
Reals,0,0,0,0,0,18eb2ad00b472ce6b2f08e304d16402f.jpeg
Reals,0,0,0,0,0,81d05778695a79c1bd6e56e801c12c8d.jpeg
Reals,0,0,0,0,0,92bedadc71469d8d10ed748a757a5f52.jpeg
Reals,0,0,0,0,0,97cb4675b218ffb0f3902bf9af1c4660a6ec7268f5c08641a605e6d073e0c246.jpeg
Reals,,,,,,7629e85fbf9bac377297c1cc1519c837.jpeg
Reals,0,0,0,0,0,6eb2e789526629ed382be35a4192fc25.jpeg
Reals,,,,,,8fee7bc446893e236ec73078f57ec5555419db050980f2be41a6a464d1a7bdff.jpeg
Reals,0,0,0,0,0,10ff906c25d12371be60cf5f24801fb1.jpeg
Reals,0,0,0,0,0,e6af0acfb7fca82fe46e9132c88d953f.jpeg
Reals,,,,,,da2ad53a403b312d616bbca669e2346a.jpeg